0.2410,0.3050,0.0830,-0.7360,-1.9650,8.3200
-0.3900,-1.9070,-0.6940,0.0510,-0.4040,19.0540
-0.6410,-0.1340,0.6880,-2.5860,0.3720,0.9100
1.8670,0.7690,0.4830,0.2820,1.5110,13.7860
-0.4930,-0.2750,1.0580,-0.3090,1.0220,10.8760
-0.9910,-0.6940,1.0310,-1.1770,1.3890,8.0890
-0.1780,-1.1780,-0.0520,0.4020,0.6090,17.9640
1.5000,0.8620,-0.7000,0.5830,-0.8660,13.8850
-0.2910,0.3530,-0.6130,-0.4430,-0.7920,8.2360
0.0550,0.3300,-0.0520,0.3230,-0.8760,12.0810
0.0690,0.5090,0.5030,-0.7270,-0.5110,7.1920
-1.0370,0.9170,0.0280,0.7080,-0.5830,9.0900
-0.5260,0.6150,0.4160,0.2850,0.4440,9.6260
-1.9750,-0.5280,-0.9420,-0.4120,0.5620,8.5160
0.1510,-1.3730,-0.2020,1.3590,0.6430,23.2300
-0.7160,0.8420,0.6570,0.2510,2.0620,8.2080
-0.1460,0.1530,0.2450,0.3880,0.4090,12.6500
-1.1330,0.3430,-0.3490,-1.5750,-0.3940,2.0650
0.6350,0.5260,2.0650,-0.0350,-0.0380,11.0250
-1.3490,0.8220,-0.7460,-0.4340,0.6170,4.2770
0.4530,-1.0840,0.7270,0.9830,-0.4680,21.1760
0.8920,0.1970,-0.5210,1.9550,-1.2250,20.8180
0.9790,-0.8420,-0.1850,0.9030,0.4420,20.9390
-0.2020,-0.9120,2.4000,1.0480,0.8080,19.4350
-0.5350,-0.3140,-1.2580,-1.6420,0.3410,5.6150
0.5360,1.2360,0.0670,-0.6960,1.3650,5.3470
0.3910,-0.3670,1.3640,-1.3210,0.0360,8.9680
-0.2540,0.2670,-0.5860,-1.7470,0.1160,3.4330
-1.9050,1.8120,-0.8220,-0.6220,0.9640,-1.5460
-0.1030,0.6490,-0.7680,0.6740,-0.0850,11.8930
-0.4660,-0.7190,-1.4400,-0.8520,-0.3860,10.5360
1.3040,0.4230,0.2120,-0.3150,0.3100,11.6550
0.9150,0.6400,0.5550,-0.3750,0.5750,9.7690
1.3710,-0.4620,-0.3480,1.0520,-0.0280,20.7980
-0.7920,-0.5980,-0.6330,0.4760,0.5330,14.7130
-1.0770,-0.3460,-0.3520,0.0590,-1.9710,11.4640
-0.3020,0.0050,2.6400,-1.1580,0.1330,6.7460
1.1200,0.8840,-0.2330,-0.8470,0.4870,7.3150
-1.0080,-1.7490,-1.0590,-0.1440,0.7350,16.4060
0.9710,0.8230,-1.5700,-0.5450,1.5980,8.4680
1.0660,-0.3350,2.0580,-0.7510,0.5500,12.4680
-0.2040,-0.6760,0.2060,-1.4470,0.3720,8.5090
0.2960,0.4380,1.2120,-0.9460,-0.2900,7.0560
-1.1280,0.1270,-0.8670,1.1810,0.1250,13.9590
0.1170,-0.4780,0.3790,-0.5060,-0.1280,12.1220
0.1770,0.5220,-0.5280,0.3970,0.4850,11.8560
1.0610,0.0790,1.1190,-0.3970,0.0370,12.2150
0.3410,-0.9150,0.7580,-0.4990,0.2190,14.3430
0.7800,0.5040,-1.2830,1.5520,-0.0950,17.7550
0.0450,-0.3860,1.3750,-1.6350,-0.5240,7.0950
1.7970,1.5500,-0.4540,-0.2180,-0.7360,8.5220
2.4140,-0.8380,-1.0170,0.3410,-1.1880,21.5470
-1.3990,-0.3660,-0.7280,1.6580,-1.1940,17.3000
0.2220,-0.6710,-1.9550,-0.7480,-1.2580,12.1400
0.5550,0.4220,-0.0180,-2.5920,0.8750,1.0540
0.4340,-0.0500,-0.1890,-0.8320,0.8560,9.7380
-0.6500,-0.2100,0.2140,-1.1040,-0.3280,7.1270
-1.0450,0.3630,-1.1040,0.3500,0.5670,9.8580
1.4020,0.4550,-0.1350,-0.4350,0.0220,11.2440
0.0180,0.1970,-0.5270,-0.8890,-0.0540,7.6910
0.8750,0.6310,-0.4460,0.3180,0.1760,12.4970
0.6140,1.7190,-0.5030,0.3740,-1.0400,7.8480
2.6270,-0.0260,-0.1400,2.5480,0.8810,27.5510
-0.1790,-0.1400,-0.2470,0.1580,-1.2310,12.8320
-0.2740,-0.8620,-0.8240,-0.3780,1.6770,13.3900
-0.9200,-0.9570,1.7940,-0.5890,-0.0620,11.6310
0.0260,-0.1890,-1.6600,-1.2870,-0.3910,7.6590
0.0490,-2.7820,-0.6620,0.5080,1.8070,25.2570
-1.1380,0.1220,0.4270,-0.3150,-0.0050,7.9790
-0.0680,0.9010,-0.8820,-0.2260,-0.1080,7.3590
0.7330,2.1190,0.7780,0.4670,-0.5950,6.8580
-1.5870,-1.9150,1.9310,1.6770,0.9920,23.1950
-1.6340,1.8120,2.2090,1.0620,-1.3180,5.7320
-0.5790,0.8770,-0.4030,-1.7810,-0.0210,0.2120
1.0930,-0.3100,0.8460,-0.5020,-0.1690,13.4180
-0.8450,-1.8770,-1.8160,-0.7660,-0.8030,14.7570
0.4080,-1.3640,-0.2710,1.4860,-1.2280,24.2190
-0.1300,-1.0370,0.6960,0.8030,-1.1030,19.1010
0.4090,0.0140,1.4030,-0.5660,0.6060,10.4980
-0.8670,0.3050,-0.0570,-0.5400,1.1500,6.8860
1.1250,-1.8250,0.2310,-0.5000,0.7380,19.5500
0.7980,-0.7260,0.4240,-0.0270,1.0050,16.3930
-1.5930,-0.3320,3.0250,-1.5110,-0.6970,4.0960
-0.1810,-0.6440,-0.9790,0.5590,-1.7960,16.4490
1.4830,0.0300,-0.9060,0.4040,-1.7820,16.4620
-0.2120,0.3850,1.5220,-0.0670,0.5630,9.7680
-1.5760,0.4420,-1.0510,-0.2480,0.4690,6.0860
-1.7160,0.0380,-0.6310,-0.2830,0.2000,7.2850
-0.3150,1.0390,0.6300,-0.2390,-0.0800,6.2590
0.1460,-0.6700,1.8530,-1.5880,0.8420,8.6230
-0.5450,0.4180,-1.1020,-0.1820,0.3900,8.5080
-1.2860,-0.3730,-2.1740,0.8470,0.8480,14.3070
0.6730,0.4730,-1.4000,0.7640,-1.9890,14.5100
-2.0220,-0.5340,0.6840,-1.2150,0.4640,5.2330
-2.2960,1.1410,-0.1620,-0.7490,-0.9290,-0.1500
-0.3270,0.5200,-0.3820,-0.3500,-0.5730,7.8660
0.7250,0.2340,-0.4190,-0.6700,-0.1890,9.8340
-0.2220,-1.1660,-0.5800,-0.1260,0.3630,15.7190
-0.1220,0.6820,0.1160,1.0260,0.9030,13.1320
0.8190,-0.6510,0.8980,-1.2250,-0.5000,11.3410
-0.9040,-0.8040,0.6860,-0.0780,0.9860,13.0970
1.6960,1.3120,0.5910,-1.0840,0.5640,5.8060
0.7420,-0.6260,0.2680,1.2270,2.0310,20.8980
0.6800,1.1080,0.9590,0.1530,0.4740,9.5400
0.5540,1.1110,2.7830,-1.3420,1.5390,3.2920
0.0350,-1.5000,0.5250,0.8610,-1.1220,21.5160
-0.7080,-0.8200,0.6910,1.2060,0.5420,18.6880
-1.9580,1.5490,1.5740,-2.4110,-1.3020,-7.7540
0.5240,-0.0680,-1.0760,-0.4370,0.5550,11.5750
1.2370,0.9100,-1.4640,1.5770,1.9730,17.1420
0.8840,-0.6290,1.2870,0.1670,-0.2630,16.9490
0.5490,1.0710,-0.9610,0.1530,-2.1200,9.4260
1.6930,0.6820,-0.3790,0.7300,-0.3670,15.5770
-0.6130,0.5130,0.4130,-0.1190,-0.6350,8.2470
-1.4150,-0.1630,-0.2270,0.5820,0.4200,12.1520
-1.2660,-0.1430,0.1830,0.4270,-2.5040,11.7490
0.2470,-1.3210,-0.1750,-0.9810,-1.6390,13.8550
-1.1900,1.1260,-0.5180,0.5260,-0.9080,7.2170
0.8180,-0.1610,0.3250,-0.5240,1.3480,12.1870
-1.0060,-0.8830,0.1550,0.7020,2.7360,16.3270
-0.5640,0.9940,-0.0630,0.2160,1.2430,7.7620
1.3870,1.4980,-0.4740,0.6070,-1.5060,11.2100
1.2510,1.4700,0.6710,0.4710,-0.6550,10.5050
0.1620,-0.9210,-2.1590,-0.7020,1.7520,13.1970
0.7330,1.9750,-0.2280,0.3260,-1.2970,6.8670
-0.2390,-0.8140,1.2610,-0.4390,0.2430,13.0200
0.3120,-0.2440,-1.2790,0.2120,-0.5080,14.4500
-2.2350,0.1060,-0.8830,-0.0490,2.3950,6.9120
-0.2520,-0.6050,0.8880,-0.2270,-0.2190,13.0060
2.0880,1.8610,0.0970,-0.6990,0.3460,5.9350
-1.4200,-1.1590,-0.5750,-0.8880,0.1540,10.2430
0.3570,0.4020,-0.7600,-1.0940,-2.5800,6.7310
-0.6850,-0.7050,0.4450,1.4380,-0.0670,19.2050
1.1040,-1.1420,1.9230,2.7040,-0.4140,29.5900
-0.6310,-1.8480,1.3170,0.7200,0.8980,21.0080
0.2680,-0.3880,0.0230,-0.7100,0.7850,11.2470
-0.6900,-1.7020,1.0220,0.2520,1.1400,18.4350
1.0040,-0.4850,0.2850,2.4900,-1.4290,25.9070
0.8170,1.5790,-0.5590,0.3200,-0.2400,8.5970
-0.3010,-1.1450,-0.3470,2.4510,0.5980,25.7820
-0.0100,1.5960,-0.9270,-1.9400,0.9210,-2.1650
-1.4590,-0.6320,-1.8360,-0.5980,1.0740,9.2180
0.4520,-0.1760,1.0710,0.4960,-1.0650,15.5920
-0.1590,-0.3460,1.1670,1.7710,0.7900,20.1500
-0.3180,0.4450,0.5050,-0.5590,-0.5230,7.3470
-0.1800,-0.1870,-1.1340,-0.4130,-0.8220,10.7360
-0.9750,0.5060,-1.0610,0.2890,-0.4830,9.1830
0.4620,0.1460,-1.1700,0.0840,-0.8200,12.6760
-2.1400,-0.3550,-3.4760,-0.2010,-0.6510,8.3380
0.2990,0.1390,-2.1130,-0.6330,1.3970,9.5090
-0.5240,1.4080,-0.4740,-0.3760,-0.0860,3.8150
0.3540,-0.8720,0.2790,0.0640,1.2750,16.4520
-0.0870,-1.1600,-0.1610,0.7360,-0.6970,19.4110
-0.3540,-0.2620,0.0590,0.2300,-1.6320,13.2610
0.1600,0.3020,-0.3110,1.3510,1.1730,16.5140
-0.7230,1.1770,0.7220,-0.8710,0.8360,2.3630
-1.5280,1.3750,0.4850,-1.1650,-0.9360,-1.2170
0.3990,0.6860,0.2960,0.5010,0.0170,12.0560
-0.5050,2.1700,-0.4860,-1.7570,-1.7000,-4.7180
-0.0610,0.3380,1.1500,-0.2870,-0.2460,9.3780
-1.0670,-0.8920,-0.0720,0.1600,-0.3460,14.0710
0.2640,2.5520,-0.0670,-0.5740,-0.2730,0.0250
1.2040,-0.1050,-0.6710,1.1040,-0.3770,19.2450
0.6050,-1.2660,0.9240,-0.9540,0.4810,14.4580
0.6060,-2.2060,-0.2950,-0.8290,-1.9680,18.7200
-0.4660,-0.8130,-1.6770,-0.9600,-1.4370,10.4820
-0.2510,2.1580,-0.0900,-0.7040,0.7740,0.0530
2.4070,-1.1760,1.0000,-0.7680,0.9510,18.4440
0.9660,-0.7970,-0.3420,-0.6080,1.0220,14.6870
-0.3640,-0.5450,0.2660,-0.0090,1.5100,13.4170
-1.3480,0.2450,-0.5670,-1.5110,-1.2460,2.2780
-1.3890,1.1610,-0.0210,-0.4620,-0.6820,2.7290
-0.3390,-0.9190,0.1830,0.9410,-1.3760,18.7620
-1.8600,-0.8290,1.7990,0.8290,-0.2690,14.9120
0.7430,0.8500,1.6400,0.1540,1.7360,10.7030
-0.3190,0.8510,1.1560,-0.7540,0.8740,4.9420
-1.2920,-0.0130,-0.5210,-0.0290,1.8950,9.3510
1.3290,-0.3560,-1.4060,0.6850,-0.1690,18.8250
0.3590,0.2770,0.3780,1.9200,-0.4790,19.2930
1.2290,-0.7760,0.4580,0.7380,0.1130,20.5120
1.3070,0.3060,-0.1140,0.1430,-1.2450,13.9600
-0.4900,0.1910,-0.0920,2.3370,0.1800,19.6010
-0.4360,0.5010,-0.3090,-2.0230,-2.6060,1.0320
-0.1460,0.9010,0.0640,1.1970,0.3440,12.8920
-1.7010,0.3730,1.4470,-2.3000,-1.3640,-2.0940
0.4990,-0.2860,0.4040,-0.7860,-0.5110,10.9990
0.2370,-1.1280,-0.0850,0.6750,0.5840,19.6850
-0.5000,-0.6110,-0.5140,1.6980,-0.1110,20.2370
0.4340,-0.1570,-0.4480,1.4710,0.4060,19.3810
0.6770,-1.0470,-0.6230,0.1700,-0.3820,18.2220
-0.9590,0.8610,0.2100,-1.5670,0.3820,0.3720
0.4730,-2.4580,-0.0130,-1.4410,0.4020,17.0120
1.0440,1.5170,1.2600,-0.6070,0.4930,5.5940
-0.1440,-0.7900,1.0360,0.7240,1.1240,17.7680
-1.1010,-0.6180,-0.4840,-0.2570,-0.0420,11.2410
-0.3440,2.2200,0.5780,0.9000,-0.9370,6.0320
-0.8520,-0.9750,0.9420,0.9630,-0.4660,18.0450
0.5460,0.0190,-0.4900,0.6380,-0.7340,15.5670
0.9190,-0.3660,-0.4870,0.5970,-0.0170,17.6880
-0.3280,-1.3290,0.0130,1.4550,1.5480,22.4770
0.7740,-0.3310,1.7410,0.4200,0.7160,16.5520
1.3310,1.8740,1.9010,-0.8750,0.5140,3.6650
0.5340,-0.2080,-1.2050,-1.1480,0.8770,9.3080
-1.0250,-0.9530,0.8110,-0.8210,-0.2930,10.4750
0.3210,-0.4080,-0.3390,1.2160,1.4080,19.1380
2.1800,0.3770,-0.2960,1.6610,-0.8120,21.4940
-0.5510,-0.5580,0.1600,-2.4510,1.2230,3.3250
0.5820,1.0960,-0.8000,-0.2740,0.4670,7.6860
-0.9140,-0.2060,0.4510,-0.3630,0.3520,9.5440
-1.0070,0.4990,0.9060,1.0410,0.1240,12.1540
-0.4980,-0.3110,0.7220,1.0100,0.1930,16.2880
0.7210,0.3940,-0.0950,0.8680,0.5390,15.3370
-0.3260,1.0460,-1.9690,2.0480,-0.5820,15.3550
-0.6120,-1.3440,0.5790,0.4830,0.7040,18.0860
-0.1790,-2.3570,0.2840,0.0550,0.0440,21.2890
1.0470,-0.8380,-0.6940,0.7550,-0.5890,20.4680
-0.4470,1.9190,-0.3890,-0.1610,0.3650,2.7850
-0.9550,0.0390,-0.5120,-0.9510,-0.5400,6.1300
0.8350,0.9940,-0.2710,-0.3650,1.1020,8.2370
-0.4480,-1.8400,-0.7950,1.5790,-0.0620,24.7780
-0.2440,-0.6720,0.3360,-0.8460,-0.8090,10.8160
0.8510,0.5300,1.0270,-0.6180,-1.1520,9.1070
0.5340,1.1500,0.3550,-0.6080,0.1560,6.0390
2.7550,-0.4630,0.2650,-0.2600,0.4480,18.3220
-0.5660,-1.3740,0.5740,1.5040,0.6210,22.3780
0.4110,-0.6540,0.2320,1.4750,0.9050,21.3400
-0.1330,1.5170,0.6850,-1.3400,0.1460,0.3030
1.5850,-0.8100,0.5580,-0.1080,-2.0730,17.9810
-0.5870,-0.6650,-1.6460,1.2580,-1.0260,18.5220
0.6790,-1.0920,0.3640,-0.0200,1.3200,17.6460
0.3240,-0.0310,0.0500,1.0210,1.6020,16.8570
1.6870,1.0900,1.2030,1.5180,0.1620,17.0840
-0.1020,-0.9140,1.3550,-1.9020,0.5560,7.8420
-0.4990,-0.4540,0.6370,-0.5420,-1.6060,10.6530
0.5580,-2.1860,0.8050,1.8550,-1.3590,29.2810
-0.4480,-1.8430,0.4050,1.4190,-0.1680,24.1520
0.8110,0.7920,-1.9340,-1.1090,-1.2560,6.0200
-0.3000,0.1410,-0.7770,-0.0050,0.7020,10.8150
2.0610,-0.1450,0.3620,-0.6950,0.5040,13.9260
-0.4870,-0.8620,-1.6210,0.1180,-1.7440,14.9460
1.0050,-2.0060,-0.9360,-1.9640,1.7590,14.1760
-0.2160,-1.6800,1.1150,0.4300,0.0730,20.0050
0.0570,-1.0520,-1.1020,-0.9200,0.2400,12.6430
-2.1980,0.7810,0.8730,0.6590,-0.4150,7.1160
-0.6880,-1.2910,0.7460,-0.7740,0.7370,12.6910
0.2830,2.0240,-0.5160,-1.0540,-0.2610,0.2560
-1.1810,-0.1240,-0.4590,0.4590,-1.3920,11.9690
0.9730,-0.8810,0.7380,-0.4440,-1.0650,15.6970
0.2210,1.3080,1.1910,0.1610,0.1460,7.8550
0.3070,0.5050,-0.4160,-1.2940,-1.5120,5.4190
-0.3030,0.6820,-0.9750,0.6320,-0.6150,11.1940
0.1190,0.2040,-0.6420,0.2330,0.5780,12.3520
-0.8090,-0.3720,1.7920,0.9810,1.0150,15.7950
-1.3140,-0.0940,0.3970,-0.6520,-2.0370,7.1400
0.4660,-0.1070,-0.7290,0.3910,0.4820,14.9240
0.8290,-1.9610,-0.7270,-0.6980,-0.9730,18.7120
-0.4670,0.4270,-0.0870,-0.2900,-1.3270,8.1980
0.4010,2.3920,1.0610,0.4000,1.8620,4.8320
2.1660,-0.6180,0.4190,0.7780,-1.9250,21.9150
-1.0280,0.9000,-1.4560,-2.2450,0.7050,-2.6350
-1.5980,0.4550,0.0630,-0.5060,1.0040,4.9600
0.4530,0.7710,0.1840,-0.3150,-0.7290,8.5600
-0.9250,-0.9610,0.4930,0.8350,-0.7250,17.3310
-1.0610,0.0880,1.2580,-0.9000,1.2220,5.9260
-0.1940,-0.0340,0.7680,0.3060,0.2170,12.9740
1.4190,0.4390,0.4340,0.4360,-0.7290,14.8260
0.6310,0.1070,-2.0850,0.7280,0.5360,15.7500
-0.5980,0.6380,0.0340,0.5250,-0.2250,10.3510
0.4310,1.1170,0.1370,0.4740,0.3480,10.2880
1.4210,0.0940,0.4960,0.7330,0.0700,17.3980
-0.1800,-0.9260,0.7540,-0.5970,1.7090,12.9560
-1.3000,1.8210,2.1530,1.5770,-0.7730,8.4250
1.4670,0.4660,0.7260,1.1880,1.0270,17.8210
-1.0440,1.5870,0.5580,-1.1160,1.8280,-0.8990
0.0530,-0.9020,-0.4570,-0.2070,-0.2300,14.8860
0.1820,0.1800,-0.9530,-1.3190,-0.4900,6.3660
0.3840,-1.1260,-0.3020,-0.2860,0.5470,16.1270
-0.8450,-1.7500,2.8080,1.1130,-1.1550,21.7620
-0.2120,-1.9300,0.3020,-1.2690,-2.1440,14.2200
-0.4150,0.3300,-0.6110,-1.3690,0.0760,4.3760
-0.3860,-0.2950,-1.0600,-0.5520,-0.0810,10.2010
0.2700,0.8410,1.2710,0.6120,-1.5330,11.6210
3.3950,-0.5480,1.0420,0.9690,0.7000,24.8560
0.2020,0.7290,-0.4780,0.6780,0.7560,12.2020
-0.1970,0.1430,0.6230,0.7120,0.9520,13.8790
-0.6020,-0.7240,-0.7300,0.5970,-1.0760,16.0840
-0.0090,-1.4490,-0.7220,0.1760,0.3450,18.4810
0.9850,-1.4230,2.3250,0.6080,0.7950,22.0920
0.4490,0.2490,-1.1900,0.1920,0.4200,12.6680
-0.0480,-1.3140,-0.3790,-0.4880,1.5400,15.2040
-1.8860,-1.7990,-0.2460,0.2580,-1.1240,16.4580
-2.0070,-0.9930,-0.1380,0.4310,-1.1800,13.6820
0.1030,2.4530,-0.1370,0.1280,1.2880,2.9060
0.5630,-0.5820,-0.6780,-0.9650,0.8420,11.5940
0.0870,-1.1750,-0.4940,-0.6940,1.0250,14.0980
1.0410,0.4820,-0.1240,2.2940,-0.1500,21.3320
0.5900,-0.6790,0.4830,-0.0540,-0.8180,15.6780
0.6020,0.6600,1.8160,1.5490,-1.3000,16.7610
-1.0810,-2.6600,0.6830,-1.3500,1.1790,15.0780
-0.7600,0.2690,1.9460,0.9950,0.1700,13.3870
-0.2930,0.3750,0.8560,0.2690,0.3160,10.9880
2.2960,-1.6150,0.0220,0.9410,-0.1540,26.8150
-2.1260,-0.4530,-1.0410,-0.4300,-1.2860,7.8400
-0.7610,-0.9870,-0.3170,0.4000,0.1220,16.0280
-0.0970,0.3350,1.1990,1.7060,0.3480,17.2920
-0.1780,1.1740,-1.3200,0.2170,-0.3850,7.8160
0.8760,-0.1900,0.4500,-0.7060,-0.8260,11.6870
0.3000,0.9620,-0.5980,-2.3660,0.3440,-0.7140
-0.6560,-0.9360,-0.2070,-0.7700,-3.4360,11.3490
-1.7680,-0.1960,0.3390,-0.3930,-1.4000,7.6760
-1.4600,1.1490,-0.9780,-1.5140,1.4040,-1.5720
0.1640,0.1250,0.0050,-0.6610,0.1490,9.1820
0.9800,-0.9430,0.3770,0.3710,-1.2370,19.2170
-1.7320,-1.4060,-1.2210,-0.2090,-0.2550,13.3240
0.8640,-0.4710,0.3280,0.0660,0.0110,15.8770
0.3890,0.1320,-0.9170,-0.7770,-0.1430,9.1400
-1.7910,-0.0630,-1.5230,1.3690,-1.0540,14.1450
1.3930,-0.8820,0.7260,0.8400,-1.2960,21.6740
-0.2830,0.2290,-0.0260,-0.8260,-0.7030,7.2170
-1.5230,0.7780,0.6790,-1.2570,0.5430,0.8130
-0.1600,-1.0580,-0.1270,0.2590,0.1510,16.9490
-1.9180,-1.0660,0.5900,-0.1200,-0.7600,11.9450
-0.0970,0.1910,0.0800,0.1820,1.0080,11.7700
-1.2800,0.3820,0.1130,-0.5910,-1.2830,5.5480
-1.3460,-0.9390,-0.4980,-1.1420,0.2520,8.4980
0.5340,0.3700,2.2120,0.6980,1.3140,14.3800
-1.3870,1.7880,-0.7090,0.3410,1.6060,3.4380
1.5880,-0.8850,0.0230,0.0360,0.6830,18.8580
0.4680,3.6300,0.0860,-1.1210,-0.1220,-6.0690
-0.5680,-0.2480,0.1290,-0.2260,0.3040,10.9500
1.4970,0.9840,-0.7100,0.3820,-0.0800,12.5860
0.1060,-1.5730,0.1220,0.3710,-0.5700,19.9850
0.7270,-0.2650,0.8890,0.1170,-1.1190,14.9820
1.5760,-0.2650,-1.8460,-0.8900,-1.4420,12.6530
-1.0610,-0.1930,0.0090,-2.0150,-0.7180,2.5900
0.2420,1.5380,0.0700,1.7510,1.4220,13.3400
1.1900,0.6920,0.2320,0.5420,1.9470,13.7800
-1.1550,0.3460,0.7990,0.7180,0.8230,11.1770
-1.1510,-0.2920,0.1750,0.3320,-0.0760,12.1910
-0.9390,0.6000,2.7170,-0.1050,-0.2320,7.3050
0.7320,-0.1460,-0.4810,1.6730,-0.3460,20.7420
-1.2370,0.1210,0.3390,-1.5880,-1.2570,2.6900
-0.4420,0.3560,-0.1500,0.5810,-2.0300,12.0170
-1.0710,0.5440,0.7160,2.0550,-1.1090,15.9030
-1.2340,0.7940,1.1820,-0.2300,-0.5270,5.4330
-1.4450,0.2160,-0.0420,1.3520,-0.7940,13.6530
-1.2150,-0.9990,1.0940,-0.2710,1.3130,12.4800
-0.4070,1.3500,1.3720,1.1160,-0.4920,10.2470
-0.7310,-0.0050,-0.2090,0.9520,0.7340,14.3640
0.7520,-1.1060,-0.6890,-0.0710,-0.0620,17.6450
-0.1860,-0.1530,1.2050,-0.1520,0.5770,11.6340
0.8960,0.2990,-0.7270,-1.3110,1.8380,7.3550
1.1870,0.7180,-0.5210,0.7060,1.8390,14.3270
1.7160,0.6050,-0.8580,1.2250,0.0960,17.9120
1.1910,-0.7820,-0.7510,-2.5870,0.6390,7.1610
0.2790,-0.0810,-0.6140,-0.4750,-0.5220,10.9800
0.9420,1.2350,0.1770,-0.7770,1.0920,5.8390
-0.4540,1.7910,-0.1860,-0.1100,-0.0840,3.4840
-0.4580,0.1550,0.7450,0.6360,0.6970,13.0100
-1.7110,0.0010,-1.0020,-1.0140,0.6150,4.5180
-1.2650,-0.4950,0.1510,0.0920,0.0680,11.8180
1.8810,-0.4260,-0.5350,-1.4630,0.7670,11.6150
1.9930,-0.8030,-1.2110,-0.0150,-0.5310,19.1370
-0.0440,1.1030,1.4690,-0.3560,0.2230,6.0780
0.3830,-1.1570,-1.5610,0.3190,-0.7720,18.6720
0.5640,-0.1600,-0.6760,1.5100,0.1250,19.8060
-1.8350,-0.6720,-0.1190,-1.3850,1.2900,5.4770
0.3490,0.0090,-0.5820,1.2160,0.0250,17.5260
0.7320,0.1610,0.5840,-0.6310,-0.3130,10.2970
-0.6030,-0.5710,2.5390,1.8740,0.0610,20.5720
-1.3170,0.2620,0.6740,0.3590,0.5970,9.7540
0.0180,-0.1230,1.6750,-0.3250,-3.8660,11.2270
-0.4440,-0.0010,-0.1230,0.4010,1.8310,12.7210
2.0120,0.0720,0.7920,0.8530,0.0080,19.1510
-1.3240,-1.2900,-2.1110,0.9510,-0.8730,18.3140
-0.5480,-0.3510,-0.0400,0.4230,0.0200,14.0010
1.0510,-0.1040,-1.6070,0.8260,0.6480,17.8240
0.7540,1.4140,0.5060,-0.2730,-0.8300,6.7630
0.0600,1.0270,0.2810,-0.9850,-2.0220,4.0730
0.3330,0.9210,0.4230,0.6900,0.5950,11.7420
-0.0850,-0.2330,-1.7240,-1.6390,-0.7560,6.2040
-1.7330,-0.7090,0.4390,-0.4310,0.8300,9.6480
-0.2930,-2.6370,0.3880,-1.3900,-2.8790,16.4040
0.4920,-0.6860,-1.5680,-0.6930,1.3980,12.9540
-0.1310,0.8200,0.8690,-0.5210,-0.5200,6.3730
-0.2260,-0.6440,1.6150,1.4450,3.1810,19.9020
-2.1940,3.2470,-0.4100,-0.0170,0.2090,-5.4420
-0.2950,0.7100,-0.3070,0.4620,0.6780,10.4170
-0.1040,1.3820,0.8160,1.0990,0.9400,10.6610
-0.4000,-2.0910,-1.0430,-1.0290,-0.7760,15.4480
-1.2610,1.6370,0.3630,1.1410,-1.5590,7.4940
0.0560,-0.2490,-1.1490,-0.4280,1.9980,11.3990
-0.4400,-1.3730,-0.3210,0.5850,1.1170,18.9520
0.4410,-1.0680,-0.7630,1.4020,-0.5170,22.7640
-1.3410,0.0750,0.4270,-1.5530,0.7720,2.8080
-0.9800,-1.0780,-0.1240,-0.0600,0.7200,14.1100
0.7540,-0.2220,0.4750,0.6650,0.9800,17.0550
-0.0210,0.3090,3.1440,-1.0120,0.3490,6.6760
-1.1410,-1.2180,0.2320,-0.1420,-0.6330,14.0200
-0.6370,1.1000,0.4000,-0.4510,0.6470,4.5240
-0.0920,0.7890,-0.0800,1.7420,1.7840,15.6270
1.8470,-1.0510,-0.4600,-0.9120,1.1060,16.2520
-0.0510,0.3960,0.0280,-0.4780,0.2240,8.3990
-1.3810,0.5650,0.1590,-1.0600,0.4610,2.7410
-0.4110,-1.7940,-0.5030,0.6180,0.9880,20.8270
-0.7710,-2.0060,1.6500,-0.6920,0.0080,15.7130
0.9020,-0.0360,-0.5750,-1.0890,-0.1580,9.5910
0.8410,0.5760,-1.0380,0.0310,-1.5520,11.5020
0.6080,-0.1570,-0.1950,-0.6250,0.3630,11.3430
0.0810,0.3340,-0.1650,2.3010,-0.2220,20.0320
-0.8060,0.2680,-1.0140,0.4840,0.5470,11.2490
-0.3260,-0.9870,-0.4420,-0.4630,0.0090,13.4430
-0.5870,0.4710,0.1590,-0.2970,0.6980,7.7550
-0.8940,-0.8340,-0.6300,-0.9230,0.5190,9.8540
0.2870,-0.0050,-0.8510,1.4730,0.2900,18.4860
0.2620,-0.1320,-1.0710,-1.3820,-0.5440,7.5260
2.6720,-1.4150,-0.0220,-0.0420,-0.9430,22.8340
-1.1990,0.4420,0.3200,0.9860,1.2520,11.7810
1.0220,1.8620,-1.2910,0.9870,0.5230,10.5430
0.2800,0.8060,-1.0550,-1.0350,0.1540,5.1990
0.8880,0.4910,0.6200,0.4300,1.2030,13.5290
0.4290,0.0590,-2.1240,0.2380,0.1040,13.5750
-0.2420,-1.2700,-0.5840,0.1440,-0.2850,17.1710
0.1770,0.0990,-1.8670,2.1490,-0.3690,20.5540
-0.1970,1.3490,1.6150,-2.4830,1.3660,-3.7220
-1.4860,-1.0500,-0.4280,-1.1500,-0.4490,8.6280
0.9580,0.7650,-0.7420,-0.6530,-0.1310,8.2430
-1.3410,-1.0710,0.5990,-1.5760,1.1080,7.2970
0.7970,-0.6400,2.0480,-0.2080,-1.1860,15.3230
0.9860,-0.5420,-1.8850,0.2160,0.6380,17.0040
-0.5710,1.6470,-1.3600,-0.9580,0.4490,0.4360
1.7560,0.7210,0.0320,0.5300,0.3140,14.7470
1.0170,0.7020,0.5680,-0.2670,0.8950,10.1560
-0.6250,1.8260,-1.2420,1.9430,-0.2390,11.2190
-0.2890,0.2590,-0.3860,-0.8630,0.3370,6.9340
-0.6780,-0.2430,0.6060,0.8390,-0.7660,14.9740
0.7020,-0.6900,0.1890,-0.6700,-1.3240,13.4840
1.7270,0.5740,-0.8080,-0.8480,-1.4840,9.7650
0.4520,0.6480,-0.8160,0.5810,0.7420,12.6370
0.3020,-1.1720,-0.5030,-0.3820,0.4680,15.7640
-0.6600,0.1330,1.5040,-0.7810,-0.1520,7.0250
-1.0650,0.2850,0.6270,0.1940,0.4950,9.5050
-0.8590,-0.9130,0.2960,0.3070,-0.8740,15.1600
0.2530,0.7110,-1.6990,0.6400,1.0120,12.2230
2.1660,-0.5980,-0.1960,-0.7640,0.6870,15.6670
0.0150,0.2180,-0.0970,-0.4580,1.4200,9.3250
1.2230,0.6190,0.0660,1.0730,-1.7660,16.2610
-0.9660,-0.7200,0.6890,0.7070,-1.0490,15.7770
-0.1570,-0.6210,1.0080,-0.7500,0.0620,11.1690
-2.1430,-0.9160,1.2890,0.3710,0.6860,12.8600
-0.4580,1.1040,-0.0900,-1.8180,-0.7740,-0.6050
0.9970,1.4590,0.1120,-0.4680,-2.0560,6.2860
0.9970,-1.3270,-1.2190,-0.4030,-0.0820,17.6890
0.0370,-0.1650,0.3190,0.5610,0.7540,14.9800
1.7600,0.3210,-1.2400,0.0220,-1.9940,14.3230
-1.4400,-1.4770,-0.9740,-0.4380,0.8670,13.2730
-2.1710,0.7460,-0.9460,0.1800,0.8520,5.3920
-0.6110,0.3260,-0.0440,-0.1050,-0.9970,9.0560
0.5640,0.4450,-0.9320,0.1250,-0.9310,11.8490
0.2570,0.0440,-0.5330,-0.0210,-0.3980,12.2500
-0.2300,-1.4450,0.5640,-2.0600,-0.6770,9.0760
1.3070,1.4630,0.6300,-0.9200,-2.3580,5.0830
0.4000,-1.3280,-0.3080,-0.1390,-0.2220,17.5560
0.6050,-0.1490,1.8450,0.7950,1.7150,16.9870
-1.4040,-1.9830,-0.0850,-0.6870,1.0570,14.3760
0.4060,1.8870,1.8310,0.5940,0.0270,7.6410
0.4900,-0.3590,0.9010,-1.1710,1.4900,9.7300
0.6300,0.5560,-0.8030,1.4570,-2.3920,16.8640
1.1950,-1.6430,0.5790,-0.2130,-0.8350,20.1100
0.2030,-1.5060,-1.6020,0.9840,-0.1220,22.3670
0.7860,-1.6810,0.1240,1.1710,1.6940,24.9760
-2.0950,1.1490,-0.4580,-2.0900,-0.1600,-5.1450
-1.3690,0.0340,-1.3860,1.1650,0.7510,13.7840
-0.0410,-1.1350,-2.2160,-1.4380,-1.4940,10.7020
-2.3240,0.1310,-0.1490,1.2270,-0.0630,11.7380
0.8730,0.9550,-0.4230,-0.0510,-1.1630,9.7220
0.8730,-0.4900,-0.0250,-0.5010,-0.7840,13.7030
-0.5920,0.1120,-0.1880,-0.5830,-0.0970,8.0340
0.5060,-0.9110,-1.4100,-1.0110,-0.5170,12.6130
0.5880,0.1790,1.7750,-2.5000,1.2390,2.4590
0.9910,1.8110,0.3800,0.5950,1.8780,9.1170
-0.3500,-0.9720,-0.4840,1.1750,-0.2030,19.8880
0.5240,0.2990,-0.2210,-1.0230,0.7800,7.7590
-1.4360,-0.9300,-0.7880,1.6210,-0.7820,19.3310
0.4690,1.1800,-0.9210,0.1190,-1.0500,8.6940
1.8210,-0.1550,-0.4920,1.2160,0.0580,21.1240
-1.4770,-2.4170,-0.1440,0.5750,0.7540,21.0130
-0.6200,-0.6720,1.0280,0.3450,1.1950,14.8280
-0.4550,0.6230,-0.5370,-0.1410,-0.8850,8.0350
0.2440,-0.7600,1.7080,1.3180,-0.3140,20.7990
1.0830,-0.3050,-0.4420,0.3680,0.6790,16.8590
0.6130,0.7820,-1.1560,1.2880,0.7750,15.2480
-0.5430,0.2140,0.7840,0.9380,0.4930,13.8120
-0.3770,0.7870,-0.0140,-0.5120,-0.0030,6.0490
3.1920,-0.7570,-0.6470,-1.2560,-0.9350,16.3890
0.0020,0.8070,-0.0100,1.2150,-2.5900,13.6380
-2.1910,-0.1480,-0.4780,0.3750,1.0750,9.7140
-1.8060,1.3530,0.5250,2.1010,-1.0140,11.3840
0.4880,-0.8280,0.6110,2.1870,-1.0040,25.0330
-0.4900,-0.2510,1.3220,-1.7390,-0.4940,5.0700
0.2240,1.1770,0.3050,-0.1740,-0.9770,7.0440
0.2840,0.6950,1.2550,0.7910,0.5010,12.9510
0.7260,1.3030,-1.1720,-1.5810,-0.4320,1.9180
-0.2680,0.9010,-0.1620,-0.0150,0.7510,7.8020
0.3010,-0.3370,-0.1270,-0.3240,-0.4030,12.6560
0.3140,-0.1620,-1.4980,1.0750,1.5750,17.5730
-2.1640,0.5490,1.0600,-2.8200,-0.4300,-5.8040
-0.2300,0.2850,-0.0440,-0.2050,-1.1200,9.5790
-0.7980,-0.8300,1.0160,-0.2690,-0.8540,12.6490
0.8840,0.5890,-1.0000,0.6830,1.5600,14.1470
-0.3270,-0.9250,-0.2580,0.4360,-2.0150,16.7920
-0.2250,0.7130,-1.2040,-1.4730,0.1040,2.8090
0.5480,-1.9520,0.8920,-0.4760,0.4760,19.0010
-0.2800,1.9510,-0.0760,-0.1330,0.9300,3.1040
-0.4600,-0.6990,0.0900,-0.5280,-0.7800,11.7650
0.4590,0.5510,0.1150,0.1530,1.1480,11.3270
-0.2510,0.6450,0.1040,-0.5190,-0.9550,6.8390
-0.7550,-0.2690,0.4430,-0.4320,-0.4090,9.8380
-0.6940,0.0720,0.2400,0.5110,0.7580,12.3670
0.8030,0.6550,0.5570,-0.6140,0.3100,8.5300
-0.3710,-2.0060,-0.0680,1.2240,1.5010,24.1800
1.4190,0.0770,-0.7480,-1.0340,0.7520,10.3920
-1.2380,1.2000,0.1220,-0.0750,0.7810,4.4240
-0.6950,0.7200,1.0450,-0.3210,-0.9570,6.4470
0.4480,0.1190,-0.4540,0.5790,0.1150,14.7360
-0.1450,0.4680,-0.9540,0.7230,0.4410,12.7300
-0.1700,-0.7740,0.6540,0.9500,1.3400,18.5590
-0.7100,-0.5640,-1.9180,-0.1100,-0.7300,12.3980
-0.7820,-0.5140,0.3860,-1.4890,0.4860,6.5360
-0.3730,0.2640,-0.6820,-0.4310,0.1770,8.4740
-0.2090,0.5290,0.2890,2.1540,1.5710,18.0830
-1.8290,-0.1450,-0.2500,-1.9690,-0.6600,1.0460
0.5840,1.9640,-0.4280,0.8560,-0.7040,8.7370
-0.4060,-2.2550,1.7960,-0.6660,-1.1150,17.5450
-0.0390,-0.1640,-1.1720,-0.2940,-0.1910,11.4010
2.2480,1.2060,-0.9670,1.6940,0.2130,18.4490
1.4670,0.5450,-1.0630,-1.6040,0.6810,6.3400
-1.1490,-0.3860,1.5550,-0.1060,-0.4490,10.8230
0.9490,-0.4950,1.2880,-0.1510,0.2020,15.2730
-1.6980,-1.1590,0.0930,0.3290,-0.5690,14.5570
0.7600,0.6380,1.3980,-0.1180,-0.7140,10.4990
0.4240,-0.1070,0.3700,-1.1690,-0.0650,8.5970
-1.4570,-1.0590,-0.1150,-0.4780,-1.2420,11.4100
0.8360,-0.1840,-0.9250,0.1980,1.7040,15.2000
-0.3640,0.0920,-0.2930,-1.3520,-0.3280,5.4920
-1.1270,1.0710,-0.0630,-0.2100,0.2450,4.6250
1.5680,-1.2900,-0.1810,1.6570,-0.2480,26.9260
-0.1290,-1.7110,1.3670,2.8110,-0.8080,29.8300
0.8120,-0.1270,1.2990,-0.3360,-1.4220,12.7900
-2.4620,-0.3240,2.3890,-0.3140,1.9390,7.1140
-0.1330,1.5260,0.5090,-0.0520,0.9830,5.4220
0.6750,-0.7370,0.5470,-1.0220,0.9320,12.2100
-0.0890,1.1070,-0.5550,1.2260,1.3290,12.2980
0.4760,0.1420,-0.1310,-0.8680,-0.2530,8.9130
0.6500,0.6030,-0.3220,-0.7910,-1.2200,7.7230
-0.7940,0.9680,0.6050,-1.2970,-0.5940,1.3530
-0.9720,-0.2730,-0.0890,-1.1400,0.8380,6.5880
0.0950,-1.7710,-0.9990,0.7860,1.9000,22.4210
0.7170,0.3000,-0.7900,0.4400,-1.4810,13.9950
-0.8030,-0.5030,0.3240,0.0280,-0.3990,12.5160
0.7700,-0.1160,-0.2120,-0.0950,-0.0220,13.6240
0.4370,-0.2520,-1.1190,-0.4000,-0.2020,12.2850
-0.8130,-0.1790,0.7900,-0.6600,-0.4920,8.4520
-0.3400,1.4440,1.1350,-0.0030,-0.1310,5.5310
-0.4970,0.0810,1.0950,-0.5400,0.5300,8.5200
-0.8550,0.0300,1.1210,-1.3560,1.3990,4.7450
0.5420,1.1650,-1.9180,-0.3400,-0.4720,7.0600
-1.1960,0.0880,-0.5110,-0.0430,0.3020,9.0850
-0.6740,1.0550,-0.2570,1.8930,0.2930,14.0040
-0.4780,-0.6500,-0.0510,-1.2090,0.7440,8.8040
0.3520,-0.2880,-0.4610,-1.4280,-0.4400,8.1430
-0.8560,0.3440,-0.2810,0.1570,0.0600,9.5400
-2.0860,2.5570,0.3360,-1.0970,0.3180,-6.7890
0.4360,-0.8970,0.4820,1.5900,0.0950,22.8180
0.0100,-0.8100,-1.4160,0.3980,0.9110,16.8510
-1.4590,0.5920,-0.7210,-0.1860,1.1340,5.9690
-2.4490,0.7620,0.0220,-0.5040,0.0730,2.0380
-0.9650,-0.5900,1.4690,0.9900,-2.3420,16.3930
-1.5180,0.0950,-0.3170,0.4280,-0.7960,10.2950
2.0540,-0.1840,0.0330,0.8870,0.5080,20.3910
-0.6860,0.8290,0.5360,-0.3480,-1.1970,5.9200
-1.0290,-1.1560,1.3390,0.1660,-0.6670,15.2310
-0.0310,-1.0600,-0.3260,-1.1870,-0.3500,11.4290
-0.4910,-0.3670,1.8030,-2.5240,0.6780,2.3910
-0.5670,-1.9630,0.2470,-0.8370,0.6550,15.3690
0.7930,0.4310,-0.5610,-0.9780,-0.5120,7.9520
0.4230,-1.3410,-1.3560,1.4870,-0.3960,24.1560
-1.0430,0.2360,-0.7800,0.5360,1.2050,11.1160
-0.5340,0.9450,1.8690,-0.4170,1.2180,5.4850
0.3250,-2.6690,0.3220,-1.4110,-1.2670,17.6830
-1.3850,2.1280,-1.1850,-0.5520,1.4160,-1.4900
0.9710,-1.2260,0.6380,0.8880,0.0690,22.3980
0.8660,-0.8230,-0.7080,-1.7000,-0.6060,10.2250
-0.9930,-0.6080,1.1290,-0.5860,0.6830,10.1020
-0.5870,1.5780,0.2850,1.0020,1.5550,8.5220
0.6680,-0.5750,-0.4620,1.9100,1.1290,23.2780
0.4150,-0.0760,-2.2790,0.9320,-1.3270,16.8610
-1.2770,0.5460,0.4280,2.3390,-0.8140,16.6180
-0.5570,-0.7420,0.6010,1.1820,1.1720,18.5820
0.1710,-0.4970,-0.6700,-0.1590,0.5240,13.6950
-0.7560,0.1350,0.7470,0.9110,-1.4280,13.5910
-0.4620,0.3910,-0.6340,0.3890,-0.7420,11.0670
-0.6460,0.5500,0.6110,1.7520,-0.8190,15.5190
0.5240,0.7800,0.4180,-1.0630,0.2540,5.6790
-1.1580,-2.1430,-0.2160,-0.8280,-0.3470,14.9450
0.1440,-0.8040,0.4900,0.5440,0.0130,17.6770
0.7710,0.1390,-0.9570,1.2360,0.1880,17.9310
0.2050,0.5560,-1.3510,-0.1540,1.4810,9.5690
-1.2640,-0.4690,0.9250,1.8140,0.0840,18.6070
0.0490,0.5580,0.4260,1.2820,0.5360,14.9930
-0.3300,0.1390,-0.7610,-1.3770,1.8130,5.2740
-0.4050,0.0480,-1.2630,-0.2700,0.2390,9.9150
-1.1100,0.0620,-0.5410,-0.2040,1.0320,8.7170
0.9580,-1.3790,0.2060,-0.8980,-0.1790,15.8440
0.7420,0.2480,0.4510,1.7550,-1.5590,19.5130
-1.1720,-0.5110,0.6960,0.9590,-0.1030,15.5320
-0.3670,0.6800,-0.2860,-0.1600,-0.3980,7.9060
-1.5470,0.4950,-0.8020,1.3580,0.3760,12.3580
0.2410,-1.1880,-0.3470,0.7450,0.2870,20.2110
-0.3660,-1.8210,1.4480,1.5300,1.8310,24.6730
0.4540,0.6850,0.3370,-0.3220,-0.1190,8.8800
-1.7950,-0.5440,-1.1250,-1.7680,-0.9330,3.5130
0.2710,-0.9550,-1.6300,0.8140,-0.6410,19.6210
-0.9490,-0.8040,0.1160,-0.3590,0.1540,11.8840
-1.7000,0.1830,0.7770,1.2970,-0.8210,13.0560
-0.9040,0.6130,-2.5790,-1.2300,-2.0870,2.8230
0.3950,-0.3460,1.1180,-1.4130,0.1490,8.5190
0.0930,-0.0250,-0.1350,-0.3130,0.3250,11.0330
-1.2400,1.5970,-0.6080,2.3420,0.2870,12.5000
-0.4790,-0.0960,0.7240,-0.4990,0.4990,9.4290
0.7240,0.1900,0.9970,1.8220,-3.0890,19.9770
-1.4100,-0.2680,-1.3740,0.6300,1.3280,12.7720
0.2380,1.2750,-0.4530,1.3920,-0.5890,12.9470
0.7990,-0.2170,-1.5330,-2.4930,0.3040,4.4950
-1.2630,-1.2190,0.4620,0.5770,-0.2450,16.6560
-0.0850,0.3020,-1.1790,-0.8290,-0.5430,7.3060
0.4880,0.2240,1.6110,-0.6000,1.1560,9.6800
0.1010,0.9780,0.2350,-1.2580,1.1590,3.2580
-1.0080,-0.0230,1.2500,1.6350,0.6150,16.6130
-0.3380,-0.5640,-0.2870,1.0180,0.9680,17.6500
-0.1370,-1.0140,0.6940,-0.4370,0.1340,14.0320
0.7370,0.9790,-1.4390,-0.9640,0.5180,5.7040
-0.9670,0.0380,-0.5250,0.0930,-0.4080,10.2890
0.0420,0.9820,-1.0260,-1.0910,-1.0890,3.7970
-0.4280,-0.8620,0.8790,-0.1510,0.5320,13.9880
-0.4490,0.7170,-1.6830,1.2400,-1.4620,13.1960
-0.3720,-0.0890,1.4470,-0.6560,0.1810,8.9890
1.3480,-0.2610,-1.3510,-0.4320,-0.6850,14.0140
-0.6970,-0.1840,0.4700,-0.9440,-1.0500,7.5650
-0.6720,1.0810,1.3950,0.7090,2.6130,9.1680
-1.0130,-0.4320,-1.4480,0.6580,-3.0610,14.3350
0.6050,-1.7280,1.7140,-0.9320,0.3180,16.3950
0.1960,1.3980,-0.0890,-1.0160,0.4010,2.7360
0.8610,-0.4650,-0.5700,-2.2350,-0.1180,6.6430
0.0840,-1.2640,-0.7380,0.4710,-0.5690,19.1080
-0.1740,0.4160,-0.4420,1.7010,0.6080,16.7920
1.1440,-1.5560,-0.5610,0.1690,-2.4080,21.1850
0.0510,-1.7430,0.1790,-1.7670,-1.1100,12.0040
-0.0570,-0.2730,-1.4620,-0.2340,-0.6270,12.0410
2.0070,-0.2250,0.4170,-1.0160,0.0290,12.8470
-1.0150,-0.2450,-1.2060,0.4740,-0.2240,12.8460
-0.0730,-0.4350,0.9670,-1.5920,-0.1600,7.2250
0.3410,0.2010,-0.1360,-0.8980,0.0640,8.2840
0.2380,1.1090,0.5320,-0.5070,0.1780,6.0100
-0.6280,0.3120,-1.3570,0.1990,-0.2490,10.2900
-0.0860,0.0360,0.7040,2.4800,-2.1510,21.6040
-0.4440,-2.2860,1.0710,1.3720,0.5900,25.7440
-0.1380,-0.4030,0.4060,-0.0200,-2.6910,13.2590
1.5450,-0.5610,0.4250,-1.4480,-0.6920,11.5430
0.4890,0.5480,-0.8940,1.1680,0.9970,15.4580
-1.5010,-0.8200,-0.5060,-0.5030,-0.8130,10.2670
0.5830,-0.5490,1.0790,-0.8970,-1.3810,11.7770
-0.5390,1.2740,2.2750,0.7540,-0.0760,8.8400
-1.2110,-0.5880,0.2650,-0.0000,-0.7540,11.9300
1.6590,-0.8230,0.6530,-0.5010,-0.3250,16.6060
0.5680,-0.7630,-0.1200,1.5380,-0.4860,22.3400
0.7870,0.1860,-0.8870,-1.0350,0.4890,8.6900
0.9610,-1.3690,-1.4810,0.5360,1.0780,21.5420
-0.6300,-0.8990,-1.9400,0.9830,-0.0930,18.2660
-0.5400,0.3110,1.5900,-0.6440,-0.8380,7.1010
-0.5090,2.4350,0.0410,-1.8840,0.8510,-6.2940
-2.0620,0.9610,1.1060,-0.4370,-0.4290,2.2860
1.1300,-1.3840,1.3640,0.3470,1.4430,21.1860
0.6530,0.1890,-0.0060,-0.2520,-0.5020,11.5400
-0.8390,-1.2090,-0.1760,-0.8610,0.3620,11.7160
-0.2180,-0.2930,-0.6720,-0.0850,-0.2860,12.3960
-0.0350,-0.7860,0.2220,0.3340,1.3130,16.4090
0.4560,-1.0220,-0.4900,0.5990,1.0970,19.3950
-0.2210,-0.5630,0.2820,-0.0300,0.5450,13.6910
0.2370,-1.4410,0.0870,-1.6220,2.3650,11.7490
-0.5570,0.4060,0.0590,0.2890,-0.8780,10.4210
-1.0140,1.4060,1.7900,-1.3730,-0.8570,-1.1430
-0.9520,-0.6820,-0.5260,-0.3300,-0.8300,11.5050
0.5080,1.3480,-0.6240,-1.2710,-1.4230,2.5410
0.2380,1.4650,1.2420,0.5970,-0.2040,9.0030
-0.3580,0.0090,0.2730,0.8340,0.9230,14.5850
0.5160,0.2270,-1.3120,0.7720,-0.0580,15.2130
-0.1580,0.4300,0.2410,-0.0770,-1.2060,9.6580
0.8640,0.7490,0.9230,0.2940,1.0520,11.9060
-1.7250,0.8300,-1.3950,-2.1070,1.2470,-3.1980
-0.0030,0.0220,-0.4430,2.3950,0.0100,21.4870
0.3520,-0.7790,1.1120,-1.7830,1.5990,8.6890
-0.2420,-0.9170,-1.1090,0.2200,-0.5850,16.0650
-1.3930,1.9520,1.4120,0.3560,0.8250,2.8300
-0.0480,-0.0670,0.4830,0.3880,-2.7480,13.7240
0.5080,0.3060,1.1260,0.7140,1.3830,14.6490
-0.3980,1.3890,-1.0590,-0.3030,0.1720,4.4380
0.2960,0.2730,0.2300,0.3530,-0.2840,12.9080
0.3240,-0.4690,1.6910,-0.3980,0.2020,12.9330
-1.9320,0.2610,0.1770,0.3960,-0.4440,8.6740
-0.1950,-1.2490,-0.0100,1.7690,-0.4990,23.6820
0.2110,-0.2750,0.9870,1.0660,-1.8380,17.7870
1.9100,-0.0020,1.3180,-1.1800,0.9870,11.1060
0.0870,-1.6380,-0.8340,0.5410,-0.7830,20.8900
-0.0260,1.4660,0.3000,-0.0360,0.7640,5.9430
-0.1650,-0.7900,0.2020,-0.9660,-0.2000,10.9660
-0.7360,-0.9270,0.0910,1.4160,-0.1940,19.8980
-0.5500,1.0230,-0.9670,-0.2430,0.9320,5.8350
0.4330,0.8980,1.4100,0.1410,0.1950,9.8390
0.0470,1.4770,0.3000,0.0900,0.0650,6.5470
-0.2160,0.4220,-0.2940,-0.6690,-1.7320,7.2040
-0.0420,0.0040,-0.3320,0.4090,-1.4330,13.5390
1.7420,1.0440,-0.9460,-1.0460,-2.1810,7.1250
0.3360,-1.0260,0.4470,0.6350,0.1920,19.3160
0.2730,0.6430,0.5840,-0.6020,-1.2860,7.5650
0.9990,-0.7250,-0.7500,1.6040,-0.1460,23.3150
0.0110,-0.4680,-2.0920,2.0160,-1.2600,21.9580
0.5170,-0.9540,-0.2180,0.2770,1.2840,17.9560
1.1750,0.6420,-0.7420,1.1390,1.3460,16.3380
0.0170,-0.8330,-0.4750,0.9320,-0.0210,19.0970
1.1950,1.3620,0.3950,-1.9510,0.2640,1.1410
1.0860,-0.5810,-0.4770,-0.1540,0.5830,15.8790
-0.1390,-0.1890,1.8860,1.2160,0.3660,17.3420
0.5140,1.1610,-1.7430,-0.7630,0.2360,5.3310
-0.7910,1.4590,2.1160,0.5150,-1.1870,6.6460
-1.0850,-0.3090,-1.2900,1.1020,0.0840,15.4720
-0.3370,-0.9060,1.7900,0.6210,1.1700,17.4340
-0.2250,1.1150,-1.3900,-1.0430,1.1470,2.9180
1.0020,0.1660,-0.0900,-0.8040,0.1590,10.1230
-0.6160,0.5750,-0.0720,-0.9280,-1.4650,4.7570
0.1250,-0.7610,-1.8700,0.3590,0.5660,16.7320
-0.1400,0.2460,0.0530,0.0710,-0.5070,11.0190
0.5070,1.0630,0.6950,0.2670,0.0720,9.8310
-0.5200,0.3580,0.1120,0.1390,-1.7270,10.0820
-1.8810,-1.4060,-1.5150,0.4770,-0.3330,15.7710
-0.6720,1.4830,-0.2960,0.7190,-0.5280,7.6000
0.5120,-1.7270,0.1900,-0.7590,-1.0070,16.8970
0.3980,-2.5050,0.8230,-0.4200,0.8750,21.1380
0.8120,0.3450,-1.8600,-0.4230,0.0300,10.5510
0.9430,1.0790,0.1340,0.5020,-1.8840,11.5750
0.6480,0.9760,0.3030,-0.7990,1.5090,6.1960
-1.3230,0.0530,-0.6950,2.0990,-0.1490,17.5390
2.3670,-0.7520,-0.2570,0.0150,0.3160,19.8010
-0.3430,-0.5080,0.3420,-0.0810,-0.3780,13.0220
0.1260,1.5150,0.1010,0.7920,-0.7520,9.3580
1.7910,0.2190,-0.2130,0.9170,-0.5300,18.3730
0.1890,-1.7590,0.0190,0.6380,-1.2680,21.9640
-0.9060,1.0380,1.4300,0.2730,-0.2290,7.1290
0.7950,-0.2400,-1.2220,-0.8720,1.5220,11.0610
2.1000,-0.1810,-0.3170,1.1470,-0.1520,21.5150
0.4090,-1.4630,0.9140,-0.2500,-2.5740,17.6730
-1.7120,-0.8650,1.0320,-0.1420,0.6480,11.4660
-0.1030,0.8350,-1.8670,1.3870,-0.7530,14.0040
-0.7420,0.1690,1.3840,0.1320,-0.5620,10.3670
-0.4240,-1.3850,0.8960,1.9230,-2.1310,24.3840
0.3120,1.3200,0.0320,1.4750,-1.7580,13.2460
0.4040,0.7020,-1.0950,0.5800,-0.0080,12.3210
0.2990,-0.7200,0.4400,0.8870,0.2000,19.0280
1.6040,-0.6960,1.9910,-0.9230,-1.0880,14.3030
0.4240,1.0760,-0.4000,-0.5110,-0.1770,6.4990
-0.8210,1.0620,0.7800,-0.2240,0.4490,5.2170
-0.8840,0.4950,1.6940,-0.7510,-1.9140,5.2500
-0.4790,0.2360,-0.9860,-0.1870,0.1310,9.3490
-0.6240,0.6440,-1.9140,-0.7960,-0.0700,4.9920
-1.3950,-0.7330,1.4750,0.4870,-0.9050,14.0900
-0.2790,-0.1550,-0.5610,-0.5170,1.8180,9.9970
-1.7110,1.5700,0.3000,0.6000,-1.3750,4.7000
1.2230,2.2180,-0.8820,-1.4110,0.5540,-0.0700
-0.4090,-0.6660,0.6920,-0.8960,1.6510,10.2630
-0.3760,0.6230,3.1630,0.2830,1.5560,9.8880
0.6890,-0.4580,0.6150,0.0390,-0.3640,15.3650
0.0660,0.0240,0.3240,0.7080,-1.5330,14.8650
-1.5080,-0.3840,-2.3070,1.1650,-0.4230,15.1770
0.2510,-0.4110,0.0980,-1.7300,1.4370,7.2230
-1.3310,0.2290,-0.7430,-0.7920,0.3960,5.2510
0.3870,0.3800,0.2980,0.0500,-0.5250,11.4550
0.3600,-0.7010,-1.3790,-0.0800,0.2700,15.2050
0.5910,-0.3960,-0.7060,2.0140,-0.9120,22.8230
-0.7950,0.7950,1.3670,-0.5630,0.7120,4.9790
0.7230,0.3920,2.6600,-1.6390,-1.2970,5.3200
-0.1770,-1.3780,0.6950,1.8100,1.6830,24.4000
-0.7600,1.0390,-0.4050,1.4340,-0.7210,12.0590
1.0050,-0.0780,0.2400,-0.8140,0.5600,11.0660
2.5570,-0.3550,0.1870,-0.3220,-0.5660,17.2430
1.5740,0.8300,-0.3490,0.0880,-0.0420,12.1810
-0.0860,-0.1420,-0.6530,-0.9010,1.0320,8.7920
-0.0630,0.2540,-0.2700,0.0670,-0.9390,11.1260
1.3020,0.8890,0.9620,-0.2470,-1.0880,10.0610
-0.9560,0.0450,-0.2670,0.9220,0.2010,13.5980
-1.5760,0.3310,-1.0270,2.0870,-1.3290,15.8750
0.1320,-0.0510,0.7560,0.9780,-0.0370,16.3800
-0.2720,0.6120,-0.0850,-0.0870,-0.9920,8.6570
0.5410,0.2010,0.9950,0.7450,-0.8590,15.2560
0.1390,-1.7340,0.1360,0.3440,0.5170,20.5900
1.5190,-2.3820,-1.0160,1.4450,1.4560,30.3470
-0.6420,0.5640,1.1690,-1.8550,-0.6830,1.0390
0.0330,-1.4850,-0.1340,1.4090,-0.0210,23.6430
-0.1990,0.3000,-1.6150,-0.0550,0.3250,10.1810
2.3680,-1.3020,0.0920,2.2270,-1.5550,30.8510
0.9090,0.3220,-1.5970,1.4720,-0.6020,18.4190
0.3180,-0.7070,0.5780,-0.5830,-0.2490,13.1320
-0.2330,-0.7550,-0.3840,-0.4380,0.9070,12.8020
-2.7590,1.9090,0.4740,-0.5900,-0.3120,-3.5130
-0.3180,-0.8030,1.2780,-1.2330,0.9600,9.6450
-1.7890,0.0060,-1.3000,-0.4700,0.4450,6.5180
-1.3350,1.8180,0.9990,0.9550,-1.8470,5.8770
-0.6360,0.5160,-0.5960,-2.7640,-1.4380,-2.3900
0.5400,0.2450,0.7840,-0.6500,-1.8400,9.5020
-0.5940,1.1060,-0.8060,-0.5010,-2.4060,4.3850
0.4680,-1.4150,-1.0890,0.4670,-1.3970,20.4640
0.1710,-0.7800,-0.7050,0.1500,0.1590,16.0620
0.0930,1.5850,-1.1570,0.3010,0.6750,7.0480
-0.4610,1.6790,0.3390,0.0300,-1.1270,4.4800
1.2320,1.9600,1.7210,-1.1130,-0.3200,2.1710
-0.5300,0.0880,1.3910,0.4020,0.6120,12.1940
1.0590,1.4260,0.7260,0.4140,-0.2240,10.0680
1.0650,-1.2410,0.1170,-1.5840,-0.1550,12.7590
0.7620,2.9740,-2.3210,1.0980,0.0430,6.0220
-0.7040,-1.2000,-0.3990,-0.5130,-1.9170,13.3370
0.3350,-0.8350,1.0190,1.1290,0.3930,20.5240
-0.0410,2.2690,-0.0950,1.0020,-0.7410,6.8500
1.0750,0.3250,-0.3830,-1.4670,-1.1330,6.9810
-0.0920,1.1230,-0.8240,0.3320,-0.9640,8.6530
1.0260,0.2550,-0.0760,-0.7720,0.5300,9.9480
-0.4110,0.8470,1.3290,-1.4170,-1.1370,2.1210
-1.2910,0.0090,-0.9100,0.6390,-1.4140,11.9360
-0.2710,0.3350,1.6690,-0.4150,-1.3860,8.4580
-0.2530,0.4250,1.5540,-1.1240,2.1790,5.2940
-2.2180,0.3090,-0.6370,0.3810,-2.4160,7.8540
0.8520,-0.1200,-0.8340,-0.8140,0.6310,10.9260
0.3050,0.1800,0.2940,1.3240,1.2770,17.1860
0.1110,-0.3510,1.4940,1.3540,0.9540,19.0410
1.7180,-0.4070,2.3120,0.4260,-0.3580,18.7690
-0.2050,0.4870,-1.0490,1.7980,-1.2300,16.8340
-0.4620,-0.5560,0.8900,0.2100,0.5750,14.1370
0.4560,-0.2820,0.9980,-0.6250,-0.4240,11.5410
-0.0470,0.0970,1.0050,1.2460,0.9790,16.5030
0.5850,-0.4000,-0.5420,3.0200,-0.1550,26.8500
0.9570,1.6600,-0.2050,0.3500,0.1780,8.6750
-0.9360,-0.7100,-0.0860,-0.1890,-0.9830,12.2120
0.5160,2.3920,-1.7610,-0.4110,1.5170,1.8200
-0.9990,0.1660,-2.1960,-1.2100,0.5440,4.4980
0.9670,1.8740,1.2090,1.8660,0.5570,13.9000
0.0790,0.2740,1.9830,-0.8030,-0.8760,7.8520
-1.4710,-1.8450,0.2470,-1.1940,1.3580,11.6610
2.6640,1.3320,0.8970,-0.0610,0.9430,11.7540
-0.3090,1.4880,-0.0540,-0.3550,-0.0500,4.0100
0.8050,0.6560,-1.5270,-1.1030,1.1530,6.5750
0.8280,1.0560,-0.8320,-0.5270,-1.1400,7.3210
0.3360,-0.5100,0.6850,-1.0380,-0.8380,10.5610
-0.3070,-1.2540,1.1410,-0.3060,-1.0470,15.1800
0.5690,-0.3000,0.3810,0.2630,-0.2040,15.3880
-0.0230,-0.0200,1.1710,0.4050,0.8610,13.6530
-0.1730,-2.4890,0.6330,-0.2350,0.4850,20.6710
1.0700,-0.9470,1.9190,-0.3050,-2.4690,16.7080
-0.9290,1.0470,-0.6420,1.7490,2.0540,12.9490
-0.9920,-0.4490,0.3200,-0.7030,-0.4820,8.9970
0.4760,1.0810,0.9230,-0.7200,1.3190,5.7480
-0.1680,-0.7840,-1.2510,0.3970,0.8720,16.3850
-2.5400,-0.3380,0.7300,-0.7740,-0.0520,5.1750
-1.8760,0.5560,-1.6460,-0.9630,1.8820,2.1730
-0.9240,-2.0500,-0.1100,-0.2150,-1.5100,17.4930
-0.0110,1.0820,-1.3600,-0.9220,-0.7840,3.9620
-0.1870,0.2160,0.9380,-0.6180,1.9030,8.2930
-0.1170,-0.2450,-0.2340,-1.0770,-0.9970,8.4380
-0.1530,-0.8160,1.4450,0.5270,-1.6570,17.0670
-1.7920,-0.2150,-0.3080,0.9750,-2.0430,13.1760
0.1120,2.3800,-0.2390,0.8120,-0.9060,5.9500
-1.4620,0.3260,-0.2800,-0.5760,0.5140,5.4680
0.5470,-0.2730,-1.3780,-1.0470,0.6800,9.9970
-0.6870,-1.6790,-0.6330,-0.7480,-0.6310,14.3510
0.5160,0.9250,-1.4350,-1.1020,-0.2860,4.9240
0.2380,-0.5120,0.0850,-0.7230,-0.3390,11.6330
-1.5770,-0.0410,-1.3100,0.1740,0.0370,9.7040
-0.2590,0.8930,0.0440,-0.2680,0.1360,6.8400
-0.3290,-0.7070,-0.7250,0.9940,-0.8220,18.1440
2.0070,-0.5890,-0.7110,-2.0070,0.1040,10.3410
-0.9140,-0.2490,-0.1820,-0.6350,-0.7010,8.6260
-0.3530,0.7870,-0.1500,-0.0820,0.1620,7.8190
-1.1310,0.2740,-2.8150,1.6010,-0.6030,15.0470
-0.4990,-0.7820,-0.6160,-1.8980,1.3590,6.5350
0.7220,0.9250,-0.7750,0.9040,2.6560,13.3620
0.2720,-0.4910,-0.0460,-0.3740,-1.6050,13.0120
1.2290,0.1610,-0.2460,-0.2780,-0.5320,12.7010
-1.8320,0.1790,-0.4370,0.4220,-0.2760,9.3100
1.0490,0.1430,-0.6650,-0.8540,0.0630,10.1100
-0.8840,-0.8290,-0.7930,1.9290,0.8030,21.2640
0.8660,-0.0360,-0.1210,-1.7520,0.8020,6.8700
0.1430,1.2050,0.2410,-1.4300,0.0060,1.7470
-0.8450,0.7100,-0.2590,0.3760,-0.4020,8.9740
0.0820,-1.2410,-1.3890,1.9160,0.1330,24.7940
-1.6950,0.4910,0.1900,0.2930,-1.0780,7.8190
-0.6150,0.2540,0.4810,1.3870,-1.5110,15.2990
0.2600,1.2670,-1.1490,0.4010,0.8810,9.0540
0.7440,-1.1710,1.8390,-1.0630,-0.1660,13.9210
0.4650,-0.0550,2.1420,-0.0870,0.8180,12.8030
0.0150,-1.4110,-1.0280,0.2000,-1.6940,18.4730
0.5600,-0.7230,-0.5210,-0.6550,0.8920,13.3940
1.0740,-1.6620,0.7390,-0.2590,-0.3380,19.7600
2.8490,0.8200,0.1740,-0.0620,-0.6850,14.1710
-1.0640,-1.5830,-0.1920,-1.1770,2.0960,11.4940
-0.8850,-0.8150,0.0930,1.2610,1.1330,18.5330
-1.2200,-0.3670,1.7870,-1.2260,-0.2870,6.1220
-0.2890,0.2200,0.6540,0.3380,-1.1760,11.8930
-1.4290,0.7500,0.0130,-0.2370,-0.3340,5.1970
-0.3890,0.2550,-0.1870,0.6820,0.1280,12.9330
0.8170,-0.4940,1.1050,-3.1320,-1.1560,3.0800
0.2510,1.2900,-0.0230,-0.2990,-0.2360,6.1420
-0.1420,0.0400,2.0290,-1.0990,1.0440,7.1600
0.0120,-1.0810,0.8460,-2.0280,-2.4520,8.2360
-2.0200,-0.5610,-2.1020,-1.4580,0.1560,4.3700
-0.4090,1.3450,1.3540,0.7720,-0.3070,8.8910
-0.3780,-0.5710,0.1130,-0.1560,1.9940,12.9040
0.5870,-1.5650,0.3000,0.9350,-1.4370,23.1700
0.9400,-0.4320,1.0990,1.3580,-0.0560,21.0410
0.7850,-0.5120,0.0030,-0.8740,-1.5550,12.1230
1.2360,0.0150,-0.1940,0.0020,0.9840,14.4230
0.1080,-0.9420,0.1070,0.1080,1.1280,16.4190
0.2630,0.9270,3.1590,-1.0720,0.8510,4.5330
-0.9030,0.2500,0.8620,1.3950,2.4160,14.7710
-0.2460,-0.3580,-0.5540,0.7230,0.2340,15.8290
-0.2830,-0.9260,-0.3970,0.5610,-1.5860,17.3820
-0.2550,1.3490,-0.7730,1.3020,0.3460,11.3030
-0.2960,0.3880,0.2380,1.1280,-0.3570,14.3680
-0.2970,-0.5230,1.0770,0.3700,-0.2110,14.9780
1.5230,0.2760,-1.7610,0.4700,1.1210,15.8210
-0.3490,-1.1690,2.3560,-1.1400,0.0110,11.4180
-0.3170,0.8990,1.0010,-0.3640,-1.2960,6.3160
-0.3080,-0.5010,1.8410,-0.3040,0.4630,12.1720
0.5270,-1.1730,-0.8980,-1.2360,0.7320,12.8040
0.8650,-1.2220,1.3090,-1.7410,0.8580,11.6530
0.3460,0.5050,-0.6160,0.0370,-0.1810,10.8170
0.2360,-1.0900,0.1500,0.1500,-2.2130,17.4320
-0.4350,0.7560,1.6540,-1.0730,1.2000,3.8130
-1.3980,-1.0630,-1.2470,-0.2160,0.3820,12.5920
-2.5560,0.2460,0.5740,2.2850,1.3010,15.0410
0.0580,-0.2340,1.7380,-0.0400,-1.1420,12.8920
1.4320,1.8150,-1.0650,0.3470,1.3270,8.9920
-0.6480,0.3710,0.1160,-0.3400,-0.0250,7.8600
-0.7710,-1.3630,0.6270,-1.7070,-0.0350,9.0790
-0.7560,0.7290,-0.6640,-0.7480,1.3700,4.5800
-0.3130,-0.1290,-1.4120,0.0710,1.0800,12.1740
-0.4110,-1.9110,0.1760,0.7760,0.0200,21.9260
0.7690,0.4830,-1.3580,-1.0740,0.9710,7.3110
-2.6790,0.5710,0.7530,-1.0810,-1.3990,0.0360
-0.9050,1.0880,0.9790,1.3900,0.6270,11.4000
-0.2470,0.7640,-0.7320,-1.3810,0.1340,2.9250
0.7610,0.3390,0.3570,-0.8600,-0.5370,8.7240
1.2800,1.1440,1.2990,0.3490,1.5910,11.3790
-0.7030,1.1690,-0.8990,0.4250,-1.5650,7.6180
-0.5270,-0.8430,-0.1340,0.9800,-0.6770,18.2390
0.3240,-0.0920,-0.0640,0.6420,0.5930,15.5810
0.5760,-0.8830,-0.4800,0.0730,1.0930,16.9770
0.2470,0.3710,-0.3040,0.2480,-0.5580,12.0000
-2.0070,-1.0230,-1.9630,-0.1250,-0.9290,11.5780
-0.0670,2.4710,-0.7680,-0.8690,-0.8600,-1.4930
1.5250,1.1790,0.9180,-0.9200,-1.1790,6.6520
0.6530,-1.3460,0.7880,0.5850,0.2840,21.0300
1.0400,-1.6120,-2.0000,-0.1640,0.8360,19.8730
1.6420,1.5140,-1.4330,2.2570,0.2300,18.2540
0.6410,0.7440,-1.1820,-1.6130,0.7530,3.8520
0.3730,-0.3080,0.7910,0.1370,0.5870,14.5250
-0.3620,0.9930,1.0030,0.9360,1.0960,11.0470
-0.5670,1.6190,-1.8870,1.0590,-0.3320,8.6260
0.2380,-0.2830,0.9540,-0.4630,0.6780,11.7550
1.3460,0.0970,0.9090,-0.3600,0.1090,12.8640
1.0960,0.9960,0.4620,0.0730,0.2300,10.4970
1.7590,-0.4480,-0.1780,0.9470,-0.7500,21.1010
-0.0880,-1.4580,-0.6730,-0.9250,-0.3440,13.9560
0.1470,1.2600,0.2320,0.7840,-1.0590,10.3900
-0.9600,-0.1540,1.1660,-0.1010,0.0840,10.2910
1.6980,1.6890,1.3810,-1.4080,-0.1390,3.0050
0.8430,1.0850,0.5130,-0.4490,-1.3460,7.5490
-0.0950,0.3800,-0.8750,-0.3890,-0.5710,8.7330
1.2810,1.4330,1.6840,-0.7620,-0.3850,5.7820
-1.4610,0.0060,1.8840,-0.1540,0.7870,8.4380
0.6520,0.8110,0.2260,-0.2990,-1.5090,8.8630
1.7390,0.8150,-0.5690,1.2860,-2.2180,17.3630
0.2070,-0.3960,-0.0810,-0.8900,0.0450,10.4390
-0.0150,0.6180,1.5760,0.1050,-0.4050,9.9190
2.5020,0.4310,0.7040,-0.7830,-2.0650,12.1480
-2.8530,0.3450,-0.1250,0.9570,0.9490,8.7410
-0.4260,-1.9510,-0.2180,-0.3720,1.8480,17.4640
1.5030,0.7380,1.2360,-0.5130,1.4940,10.0000
-2.3360,0.2460,0.2370,0.2800,0.4280,7.4650
-0.1000,0.4670,-1.2200,0.0300,2.9230,10.0560
-1.4820,1.2080,-0.0150,1.2200,1.1470,9.0860
0.5750,0.4010,-0.9470,-0.6410,0.5810,8.9800
-0.2880,-0.3500,-0.1960,-0.5800,0.2770,10.5000
0.1940,-0.9550,1.4700,0.3760,-0.5210,17.7130
